Sl No.,TDATA,TVALID,TKEEP,TLAST,EN,,num_frames_recvd,num_errors_this_fr,total_bits_this_fr,num_errors_accumulated,total_bits_accumulated
1,0,0,0,0,1,,0,0,0,0,0
2,0,0,0,0,1,,0,0,0,0,0
3,0,0,0,0,1,,0,0,0,0,0
4,0,0,0,0,1,,0,0,0,0,0
5,0,0,0,0,1,,0,0,0,0,0
6,0,0,0,0,1,,0,0,0,0,0
7,0,0,0,0,1,,0,0,0,0,0
8,0,0,0,0,1,,0,0,0,0,0
9,0,0,0,0,1,,0,0,0,0,0
10,0,0,0,0,1,,0,0,0,0,0
11,adab5aac,1,f,0,1,,0,0,0,0,0
12,adab5aad,1,f,0,1,,0,0,0,0,0
13,adab5fae,1,f,0,1,,0,0,0,0,0
14,adab5aaf,1,f,0,1,,0,0,0,0,0
15,adab5aa8,1,f,0,1,,0,0,0,0,0
16,adab5aa9,1,f,0,1,,0,0,0,0,0
17,adab5aaa,1,f,0,1,,0,0,0,0,0
18,adab5aab,1,f,0,1,,0,0,0,0,0
19,adab5aa4,1,f,0,1,,0,0,0,0,0
20,adab5aa5,1,f,0,1,,0,0,0,0,0
21,adab5aa6,1,f,0,1,,0,0,0,0,0
22,adab5aa7,1,f,0,1,,0,0,0,0,0
23,adab5aa0,1,f,0,1,,0,0,0,0,0
24,adab5aa1,1,f,0,1,,0,0,0,0,0
25,adab5aa2,1,f,0,1,,0,0,0,0,0
26,adab5aa3,1,f,0,1,,0,0,0,0,0
27,adab5abc,1,f,0,1,,0,0,0,0,0
28,adab5fbd,1,f,0,1,,0,0,0,0,0
29,adab5abe,1,f,0,1,,0,0,0,0,0
30,adab5abf,1,f,0,1,,0,0,0,0,0
31,adab5ab8,1,f,1,1,,1,4,672,4,672
32,0,0,0,0,1,,1,4,672,4,672
33,0,0,0,0,1,,1,4,672,4,672
34,0,0,0,0,1,,1,4,672,4,672
35,0,0,0,0,1,,1,4,672,4,672
36,0,0,0,0,1,,1,4,672,4,672
37,0,0,0,0,1,,1,4,672,4,672
38,0,0,0,0,1,,1,4,672,4,672
39,0,0,0,0,1,,1,4,672,4,672
40,0,0,0,0,1,,1,4,672,4,672
41,adab5aac,1,f,0,1,,1,4,672,4,672
42,adab5aad,1,f,0,1,,1,4,672,4,672
43,adab5aae,1,f,0,1,,1,4,672,4,672
44,adab5aaf,1,f,0,1,,1,4,672,4,672
45,adab5aa8,1,f,0,1,,1,4,672,4,672
46,adab5aa9,1,f,0,1,,1,4,672,4,672
47,adab5aaa,1,f,0,1,,1,4,672,4,672
48,adab5aab,1,f,0,1,,1,4,672,4,672
49,adab5aa4,1,f,0,1,,1,4,672,4,672
50,adab5aa5,1,f,0,1,,1,4,672,4,672
51,adab5aa6,1,f,0,1,,1,4,672,4,672
52,adab5aa7,1,f,0,1,,1,4,672,4,672
53,adab5aa0,1,f,0,1,,1,4,672,4,672
54,adab5aa1,1,f,0,1,,1,4,672,4,672
55,adab5aa2,1,f,0,1,,1,4,672,4,672
56,adab5aa3,1,f,0,1,,1,4,672,4,672
57,adab5abc,1,f,0,1,,1,4,672,4,672
58,adab5abd,1,f,0,1,,1,4,672,4,672
59,adab5abe,1,f,0,1,,1,4,672,4,672
60,adab5abf,1,f,0,1,,1,4,672,4,672
61,adab5ab8,1,7,1,1,,2,0,664,4,1336
62,0,0,0,0,1,,2,0,664,4,1336
63,0,0,0,0,1,,2,0,664,4,1336
64,0,0,0,0,1,,2,0,664,4,1336
65,0,0,0,0,1,,2,0,664,4,1336
66,0,0,0,0,1,,2,0,664,4,1336
67,0,0,0,0,1,,2,0,664,4,1336
68,0,0,0,0,1,,2,0,664,4,1336
69,0,0,0,0,1,,2,0,664,4,1336
70,0,0,0,0,1,,2,0,664,4,1336
71,adab5aac,1,f,0,1,,2,0,664,4,1336
72,adab5aad,1,f,0,1,,2,0,664,4,1336
73,adab5aae,1,f,0,1,,2,0,664,4,1336
74,adab5aaf,1,f,0,1,,2,0,664,4,1336
75,adab5aa8,1,f,0,1,,2,0,664,4,1336
76,adab0aa9,1,f,0,1,,2,0,664,4,1336
77,adab5aaa,1,f,0,1,,2,0,664,4,1336
78,adab5aab,1,f,0,1,,2,0,664,4,1336
79,adab5aa4,1,f,0,1,,2,0,664,4,1336
80,adab5aa5,1,f,0,1,,2,0,664,4,1336
81,adab5aa6,1,f,0,1,,2,0,664,4,1336
82,adab5aa7,1,f,0,1,,2,0,664,4,1336
83,adab5aa0,1,f,0,1,,2,0,664,4,1336
84,adab5aa1,1,f,0,1,,2,0,664,4,1336
85,adab5aa2,1,f,0,1,,2,0,664,4,1336
86,adab5aa3,1,f,0,1,,2,0,664,4,1336
87,adabfabc,1,f,0,1,,2,0,664,4,1336
88,adab5abd,1,f,0,1,,2,0,664,4,1336
89,adab5abe,1,f,0,1,,2,0,664,4,1336
90,adab5abf,1,f,0,1,,2,0,664,4,1336
91,adab5ab8,1,3,1,1,,3,4,656,8,1992
92,0,0,0,0,1,,3,4,656,8,1992
93,0,0,0,0,1,,3,4,656,8,1992
94,0,0,0,0,1,,3,4,656,8,1992
95,0,0,0,0,1,,3,4,656,8,1992
96,0,0,0,0,1,,3,4,656,8,1992
97,0,0,0,0,1,,3,4,656,8,1992
98,0,0,0,0,1,,3,4,656,8,1992
99,0,0,0,0,1,,3,4,656,8,1992
