Sample in Buffer,GTH_eth_10G_to_XG_PON_if_inst/eth_axis_usrtx_TDATA[31:0],GTH_eth_10G_to_XG_PON_if_inst/eth_axis_usrtx_TREADY,GTH_eth_10G_to_XG_PON_if_inst/eth_axis_usrtx_TVALID,GTH_eth_10G_to_XG_PON_if_inst/eth_axis_usrtx_TLAST,GTH_eth_10G_to_XG_PON_if_inst/eth_axis_usrtx_TKEEP[3:0]
0,aaaaaaaa,1,0,1,f
1,aaaaaaaa,1,0,1,f
2,aaaaaaaa,1,0,1,f
3,aaaaaaaa,1,0,1,f
4,aaaaaaaa,1,0,1,f
5,aaaaaaaa,1,0,1,f
6,aaaaaaaa,1,0,1,f
7,aaaaaaaa,1,0,1,f
8,aaaaaaaa,1,0,1,f
9,aaaaaaaa,1,0,1,f
10,aaaaaaaa,1,0,1,f
11,aaaaaaaa,1,0,1,f
12,aaaaaaaa,1,0,1,f
13,aaaaaaaa,1,0,1,f
14,aaaaaaaa,1,0,1,f
15,adab5aac,1,1,0,f
16,adab5aad,0,1,0,f
17,adab5aad,0,1,0,f
18,adab5aad,0,1,0,f
19,adab5aad,1,1,0,f
20,adab5aae,1,1,0,f
21,adab5aaf,1,1,0,f
22,adab5aa8,1,1,0,f
23,adab5aa9,1,1,0,f
24,adab5aaa,1,1,0,f
25,adab5aab,1,1,0,f
26,adab5aa4,1,1,0,f
27,adab5aa5,1,1,0,f
28,adab5aa6,1,1,0,f
29,adab5aa7,1,1,0,f
30,adab5aa0,1,1,0,f
31,adab5aa1,1,1,0,f
32,adab5aa2,1,1,0,f
33,adab5aa3,1,1,0,f
34,adab5abc,1,1,0,f
35,adab5abd,1,1,0,f
36,adab5abe,1,1,0,f
37,adab5abf,1,1,0,f
38,adab5ab8,1,1,0,f
39,adab5ab9,1,1,0,f
40,adab5aba,1,1,0,f
41,adab5abb,1,1,0,f
42,adab5ab4,1,1,0,f
43,adab5ab5,1,1,0,f
44,adab5ab6,1,1,0,f
45,adab5ab7,1,1,0,f
46,adab5ab0,1,1,0,f
47,adab5ab1,1,1,0,f
48,adab5ab2,1,1,0,f
49,adab5ab3,1,1,0,f
50,adab5a8c,1,1,0,f
51,adab5a8d,1,1,0,f
52,adab5a8e,1,1,0,f
53,adab5a8f,1,1,0,f
54,adab5a88,1,1,0,f
55,adab5a89,1,1,0,f
56,adab5a8a,1,1,0,f
57,adab5a8b,1,1,0,f
58,adab5a84,1,1,0,f
59,adab5a85,1,1,0,f
60,adab5a86,1,1,0,f
61,adab5a87,1,1,0,f
62,adab5a80,1,1,0,f
63,adab5a81,1,1,0,f
64,adab5a82,1,1,0,f
65,adab5a83,1,1,0,f
66,adab5a9c,1,1,0,f
67,adab5a9d,1,1,0,f
68,adab5a9e,1,1,0,f
69,adab5a9f,1,1,0,f
70,adab5a98,1,1,0,f
71,adab5a99,1,1,0,f
72,adab5a9a,1,1,0,f
73,adab5a9b,1,1,0,f
74,adab5a94,1,1,0,f
75,adab5a95,1,1,0,f
76,adab5a96,1,1,0,f
77,adab5a97,1,1,0,f
78,adab5a90,1,1,0,f
79,adab5a91,1,1,0,f
80,adab5a92,1,1,0,f
81,adab5a93,1,1,0,f
82,adab5aec,1,1,0,f
83,adab5aed,1,1,0,f
84,adab5aee,1,1,0,f
85,adab5aef,1,1,0,f
86,adab5ae8,1,1,0,f
87,adab5ae9,1,1,0,f
88,adab5aea,1,1,0,f
89,adab5aeb,1,1,0,f
90,adab5ae4,1,1,0,f
91,adab5ae5,1,1,0,f
92,adab5ae6,1,1,0,f
93,adab5ae7,1,1,0,f
94,adab5ae0,1,1,0,f
95,adab5ae1,1,1,0,f
96,adab5ae2,1,1,0,f
97,adab5ae3,1,1,0,f
98,adab5afc,1,1,0,f
99,adab5afd,1,1,0,f
100,adab5afe,1,1,0,f
101,adab5aff,1,1,0,f
102,adab5af8,1,1,0,f
103,adab5af9,1,1,0,f
104,adab5afa,1,1,0,f
105,adab5afb,1,1,0,f
106,adab5af4,1,1,0,f
107,adab5af5,1,1,0,f
108,adab5af6,1,1,0,f
109,adab5af7,1,1,0,f
110,adab5af0,1,1,0,f
111,adab5af1,1,1,0,f
112,adab5af2,1,1,0,f
113,adab5af3,1,1,0,f
114,adab5acc,1,1,0,f
115,adab5acd,1,1,0,f
116,adab5ace,1,1,0,f
117,adab5acf,1,1,0,f
118,adab5ac8,1,1,0,f
119,adab5ac9,1,1,0,f
120,adab5aca,1,1,0,f
121,adab5acb,1,1,0,f
122,adab5ac4,1,1,0,f
123,adab5ac5,1,1,0,f
124,adab5ac6,1,1,0,f
125,adab5ac7,1,1,0,f
126,adab5ac0,1,1,0,f
127,adab5ac1,1,1,0,f
128,adab5ac2,1,1,0,f
129,adab5ac3,1,1,0,f
130,adab5adc,1,1,0,f
131,adab5add,1,1,0,f
132,adab5ade,1,1,0,f
133,adab5adf,1,1,0,f
134,adab5ad8,1,1,0,f
135,adab5ad9,1,1,0,f
136,adab5ada,1,1,0,f
137,adab5adb,1,1,0,f
138,adab5ad4,1,1,0,f
139,adab5ad5,1,1,0,f
140,adab5ad6,1,1,0,f
141,adab5ad7,1,1,0,f
142,adab5ad0,1,1,0,f
143,adab5ad1,1,1,0,f
144,adab5ad2,1,1,0,f
145,adab5ad3,1,1,0,f
146,adab5a2c,1,1,0,f
147,adab5a2d,1,1,0,f
148,adab5a2e,1,1,0,f
149,adab5a2f,1,1,0,f
150,adab5a28,1,1,0,f
151,adab5a29,1,1,0,f
152,adab5a2a,1,1,0,f
153,adab5a2b,1,1,0,f
154,adab5a24,1,1,0,f
155,adab5a25,1,1,0,f
156,adab5a26,1,1,0,f
157,adab5a27,1,1,0,f
158,adab5a20,1,1,0,f
159,adab5a21,1,1,0,f
160,adab5a22,1,1,0,f
161,adab5a23,1,1,0,f
162,adab5a3c,1,1,0,f
163,adab5a3d,1,1,0,f
164,adab5a3e,1,1,0,f
165,adab5a3f,1,1,0,f
166,adab5a38,1,1,0,f
167,adab5a39,1,1,0,f
168,adab5a3a,1,1,0,f
169,adab5a3b,1,1,0,f
170,adab5a34,1,1,0,f
171,adab5a35,1,1,0,f
172,adab5a36,1,1,0,f
173,adab5a37,1,1,0,f
174,adab5a30,1,1,0,f
175,adab5a31,1,1,0,f
176,adab5a32,1,1,0,f
177,adab5a33,1,1,0,f
178,adab5a0c,1,1,0,f
179,adab5a0d,1,1,0,f
180,adab5a0e,1,1,0,f
181,adab5a0f,1,1,0,f
182,adab5a08,1,1,0,f
183,adab5a09,1,1,0,f
184,adab5a0a,1,1,0,f
185,adab5a0b,1,1,0,f
186,adab5a04,1,1,0,f
187,adab5a05,1,1,0,f
188,adab5a06,1,1,0,f
189,adab5a07,1,1,0,f
190,adab5a00,1,1,0,f
191,adab5a01,1,1,0,f
192,adab5a02,1,1,0,f
193,adab5a03,1,1,0,f
194,adab5a1c,1,1,0,f
195,adab5a1d,1,1,0,f
196,adab5a1e,1,1,0,f
197,adab5a1f,1,1,0,f
198,adab5a18,1,1,0,f
199,adab5a19,1,1,0,f
200,adab5a1a,1,1,0,f
201,adab5a1b,1,1,0,f
202,adab5a14,1,1,0,f
203,adab5a15,1,1,0,f
204,adab5a16,1,1,0,f
205,adab5a17,1,1,0,f
206,adab5a10,1,1,0,f
207,adab5a11,1,1,0,f
208,adab5a12,1,1,0,f
209,adab5a13,1,1,0,f
210,adab5a6c,1,1,0,f
211,adab5a6d,1,1,0,f
212,adab5a6e,1,1,0,f
213,adab5a6f,1,1,0,f
214,adab5a68,1,1,0,f
215,adab5a69,1,1,0,f
216,adab5a6a,1,1,0,f
217,adab5a6b,1,1,0,f
218,adab5a64,1,1,0,f
219,adab5a65,1,1,0,f
220,adab5a66,1,1,0,f
221,adab5a67,1,1,0,f
222,adab5a60,1,1,0,f
223,adab5a61,1,1,0,f
224,adab5a62,1,1,0,f
225,adab5a63,1,1,0,f
226,adab5a63,1,1,0,f
227,adab5a7c,1,1,0,f
228,adab5a7d,1,1,0,f
229,adab5a7e,1,1,0,f
230,adab5a7f,1,1,0,f
231,adab5a78,1,1,0,f
232,adab5a79,1,1,0,f
233,adab5a7a,1,1,0,f
234,adab5a7b,1,1,0,f
235,adab5a74,1,1,0,f
236,adab5a75,1,1,0,f
237,adab5a76,1,1,0,f
238,adab5a77,1,1,0,f
239,adab5a70,1,1,0,f
240,adab5a71,1,1,0,f
241,adab5a72,1,1,0,f
242,adab5a73,1,1,0,f
243,adab5a4c,1,1,0,f
244,adab5a4d,1,1,0,f
245,adab5a4e,1,1,0,f
246,adab5a4f,1,1,0,f
247,adab5a48,1,1,0,f
248,adab5a49,1,1,0,f
249,adab5a4a,1,1,0,f
250,adab5a4b,1,1,0,f
251,adab5a44,1,1,0,f
252,adab5a45,1,1,0,f
253,adab5a46,1,1,0,f
254,adab5a47,1,1,0,f
255,adab5a40,1,1,0,f
256,adab5a41,1,1,0,f
257,adab5a42,1,1,0,f
258,adab5a43,1,1,0,f
259,adab5a5c,1,1,0,f
260,adab5a5d,1,1,0,f
261,adab5a5e,1,1,0,f
262,adab5a5f,1,1,0,f
263,adab5a58,1,1,0,f
264,adab5a59,1,1,0,f
265,adab5a5a,1,1,0,f
266,adab5a5b,1,1,0,f
267,adab5a54,1,1,0,f
268,adab5a55,1,1,0,f
269,adab5a56,1,1,0,f
270,adab5a57,1,1,0,f
271,adab5a50,1,1,0,f
272,adab5a51,1,1,0,f
273,adab5a52,1,1,0,f
274,adab5a53,1,1,0,f
275,aaaaaaaa,1,1,1,f
276,aaaaaaaa,1,0,1,f
277,aaaaaaaa,0,0,1,f
278,aaaaaaaa,0,0,1,f
279,aaaaaaaa,0,0,1,f
280,aaaaaaaa,1,0,1,f
281,aaaaaaaa,1,0,1,f
282,aaaaaaaa,1,0,1,f
283,aaaaaaaa,1,0,1,f
284,aaaaaaaa,1,0,1,f
285,aaaaaaaa,1,0,1,f
286,aaaaaaaa,1,0,1,f
287,aaaaaaaa,1,0,1,f
288,aaaaaaaa,1,0,1,f
289,aaaaaaaa,1,0,1,f
290,aaaaaaaa,1,0,1,f
291,aaaaaaaa,1,0,1,f
292,aaaaaaaa,1,0,1,f
293,aaaaaaaa,1,0,1,f
294,aaaaaaaa,1,0,1,f
295,aaaaaaaa,1,0,1,f
296,aaaaaaaa,1,0,1,f
297,aaaaaaaa,1,0,1,f
298,aaaaaaaa,1,0,1,f
299,aaaaaaaa,1,0,1,f
300,aaaaaaaa,1,0,1,f
301,aaaaaaaa,1,0,1,f
302,aaaaaaaa,1,0,1,f
303,aaaaaaaa,1,0,1,f
304,aaaaaaaa,1,0,1,f
305,aaaaaaaa,1,0,1,f
306,aaaaaaaa,1,0,1,f
307,aaaaaaaa,1,0,1,f
308,adab5aac,1,1,0,f
309,adab5aad,0,1,0,f
310,adab5aad,0,1,0,f
311,adab5aad,1,1,0,f
312,adab5aae,1,1,0,f
313,adab5aaf,1,1,0,f
314,adab5aa8,1,1,0,f
315,adab5aa9,1,1,0,f
316,adab5aaa,1,1,0,f
317,adab5aab,1,1,0,f
318,adab5aa4,1,1,0,f
319,adab5aa5,1,1,0,f
320,adab5aa6,1,1,0,f
321,adab5aa7,1,1,0,f
322,adab5aa0,1,1,0,f
323,adab5aa1,1,1,0,f
324,adab5aa2,1,1,0,f
325,adab5aa3,1,1,0,f
326,adab5abc,1,1,0,f
327,adab5abd,1,1,0,f
328,adab5abe,1,1,0,f
329,adab5abf,1,1,0,f
330,adab5ab8,1,1,0,f
331,adab5ab9,1,1,0,f
332,adab5aba,1,1,0,f
333,adab5abb,1,1,0,f
334,adab5ab4,1,1,0,f
335,adab5ab5,1,1,0,f
336,adab5ab6,1,1,0,f
337,adab5ab7,1,1,0,f
338,adab5ab0,1,1,0,f
339,adab5ab1,1,1,0,f
340,adab5ab2,1,1,0,f
341,adab5ab3,1,1,0,f
342,adab5a8c,1,1,0,f
343,adab5a8d,1,1,0,f
344,adab5a8e,1,1,0,f
345,adab5a8f,1,1,0,f
346,adab5a88,1,1,0,f
347,adab5a89,1,1,0,f
348,adab5a8a,1,1,0,f
349,adab5a8b,1,1,0,f
350,adab5a84,1,1,0,f
351,adab5a85,1,1,0,f
352,adab5a86,1,1,0,f
353,adab5a87,1,1,0,f
354,adab5a80,1,1,0,f
355,adab5a81,1,1,0,f
356,adab5a82,1,1,0,f
357,adab5a83,1,1,0,f
358,adab5a9c,1,1,0,f
359,adab5a9d,1,1,0,f
360,adab5a9e,1,1,0,f
361,adab5a9f,1,1,0,f
362,adab5a98,1,1,0,f
363,adab5a99,1,1,0,f
364,adab5a9a,1,1,0,f
365,adab5a9b,1,1,0,f
366,adab5a94,1,1,0,f
367,adab5a95,1,1,0,f
368,adab5a96,1,1,0,f
369,adab5a97,1,1,0,f
370,adab5a90,1,1,0,f
371,adab5a91,1,1,0,f
372,adab5a92,1,1,0,f
373,adab5a93,1,1,0,f
374,adab5aec,1,1,0,f
375,adab5aed,1,1,0,f
376,adab5aee,1,1,0,f
377,adab5aef,1,1,0,f
378,adab5ae8,1,1,0,f
379,adab5ae9,1,1,0,f
380,adab5aea,1,1,0,f
381,adab5aeb,1,1,0,f
382,adab5ae4,1,1,0,f
383,adab5ae5,1,1,0,f
384,adab5ae6,1,1,0,f
385,adab5ae7,1,1,0,f
386,adab5ae0,1,1,0,f
387,adab5ae1,1,1,0,f
388,adab5ae2,1,1,0,f
389,adab5ae3,1,1,0,f
390,adab5afc,1,1,0,f
391,adab5afd,1,1,0,f
392,adab5afe,1,1,0,f
393,adab5aff,1,1,0,f
394,adab5af8,1,1,0,f
395,adab5af9,1,1,0,f
396,adab5afa,1,1,0,f
397,adab5afb,1,1,0,f
398,adab5af4,1,1,0,f
399,adab5af5,1,1,0,f
400,adab5af6,1,1,0,f
401,adab5af7,1,1,0,f
402,adab5af0,1,1,0,f
403,adab5af1,1,1,0,f
404,adab5af2,1,1,0,f
405,adab5af3,1,1,0,f
406,adab5acc,1,1,0,f
407,adab5acd,1,1,0,f
408,adab5ace,1,1,0,f
409,adab5acf,1,1,0,f
410,adab5ac8,1,1,0,f
411,adab5ac9,1,1,0,f
412,adab5aca,1,1,0,f
413,adab5acb,1,1,0,f
414,adab5ac4,1,1,0,f
415,adab5ac5,1,1,0,f
416,adab5ac6,1,1,0,f
417,adab5ac7,1,1,0,f
418,adab5ac0,1,1,0,f
419,adab5ac1,1,1,0,f
420,adab5ac2,1,1,0,f
421,adab5ac3,1,1,0,f
422,adab5adc,1,1,0,f
423,adab5add,1,1,0,f
424,adab5ade,1,1,0,f
425,adab5adf,1,1,0,f
426,adab5ad8,1,1,0,f
427,adab5ad9,1,1,0,f
428,adab5ada,1,1,0,f
429,adab5adb,1,1,0,f
430,adab5ad4,1,1,0,f
431,adab5ad5,1,1,0,f
432,adab5ad6,1,1,0,f
433,adab5ad7,1,1,0,f
434,adab5ad0,1,1,0,f
435,adab5ad1,1,1,0,f
436,adab5ad2,1,1,0,f
437,adab5ad3,1,1,0,f
438,adab5a2c,1,1,0,f
439,adab5a2d,1,1,0,f
440,adab5a2e,1,1,0,f
441,adab5a2f,1,1,0,f
442,adab5a28,1,1,0,f
443,adab5a29,1,1,0,f
444,adab5a2a,1,1,0,f
445,adab5a2b,1,1,0,f
446,adab5a24,1,1,0,f
447,adab5a25,1,1,0,f
448,adab5a26,1,1,0,f
449,adab5a27,1,1,0,f
450,adab5a20,1,1,0,f
451,adab5a21,1,1,0,f
452,adab5a22,1,1,0,f
453,adab5a23,1,1,0,f
454,adab5a3c,1,1,0,f
455,adab5a3d,1,1,0,f
456,adab5a3e,1,1,0,f
457,adab5a3f,1,1,0,f
458,adab5a38,1,1,0,f
459,adab5a39,1,1,0,f
460,adab5a3a,1,1,0,f
461,adab5a3b,1,1,0,f
462,adab5a34,1,1,0,f
463,adab5a35,1,1,0,f
464,adab5a36,1,1,0,f
465,adab5a37,1,1,0,f
466,adab5a30,1,1,0,f
467,adab5a31,1,1,0,f
468,adab5a32,1,1,0,f
469,adab5a33,1,1,0,f
470,adab5a0c,1,1,0,f
471,adab5a0d,1,1,0,f
472,adab5a0e,1,1,0,f
473,adab5a0f,1,1,0,f
474,adab5a08,1,1,0,f
475,adab5a09,1,1,0,f
476,adab5a0a,1,1,0,f
477,adab5a0b,1,1,0,f
478,adab5a04,1,1,0,f
479,adab5a05,1,1,0,f
480,adab5a06,1,1,0,f
481,adab5a07,1,1,0,f
482,adab5a00,1,1,0,f
483,adab5a01,1,1,0,f
484,adab5a02,1,1,0,f
485,adab5a03,1,1,0,f
486,adab5a1c,1,1,0,f
487,adab5a1d,1,1,0,f
488,adab5a1e,1,1,0,f
489,adab5a1f,1,1,0,f
490,adab5a18,1,1,0,f
491,adab5a19,1,1,0,f
492,adab5a1a,1,1,0,f
493,adab5a1b,1,1,0,f
494,adab5a14,1,1,0,f
495,adab5a15,1,1,0,f
496,adab5a16,1,1,0,f
497,adab5a17,1,1,0,f
498,adab5a10,1,1,0,f
499,adab5a11,1,1,0,f
500,adab5a12,1,1,0,f
501,adab5a13,1,1,0,f
502,adab5a6c,1,1,0,f
503,adab5a6d,1,1,0,f
504,adab5a6e,1,1,0,f
505,adab5a6f,1,1,0,f
506,adab5a68,1,1,0,f
507,adab5a69,1,1,0,f
508,adab5a6a,1,1,0,f
509,adab5a6b,1,1,0,f
510,adab5a64,1,1,0,f
511,adab5a65,1,1,0,f
512,adab5a66,1,1,0,f
513,adab5a67,1,1,0,f
514,adab5a60,1,1,0,f
515,adab5a61,1,1,0,f
516,adab5a62,1,1,0,f
517,adab5a63,1,1,0,f
518,adab5a7c,1,1,0,f
519,adab5a7d,1,1,0,f
520,adab5a7e,1,1,0,f
521,adab5a7f,1,1,0,f
522,adab5a78,1,1,0,f
523,adab5a79,1,1,0,f
524,adab5a7a,1,1,0,f
525,adab5a7b,1,1,0,f
526,adab5a74,1,1,0,f
527,adab5a75,1,1,0,f
528,adab5a76,1,1,0,f
529,adab5a77,1,1,0,f
530,adab5a70,1,1,0,f
531,adab5a71,1,1,0,f
532,adab5a72,1,1,0,f
533,adab5a73,1,1,0,f
534,adab5a4c,1,1,0,f
535,adab5a4d,1,1,0,f
536,adab5a4e,1,1,0,f
537,adab5a4f,1,1,0,f
538,adab5a48,1,1,0,f
539,adab5a49,1,1,0,f
540,adab5a4a,1,1,0,f
541,adab5a4b,1,1,0,f
542,adab5a44,1,1,0,f
543,adab5a45,1,1,0,f
544,adab5a46,1,1,0,f
545,adab5a47,1,1,0,f
546,adab5a40,1,1,0,f
547,adab5a41,1,1,0,f
548,adab5a42,1,1,0,f
549,adab5a43,1,1,0,f
550,adab5a5c,1,1,0,f
551,adab5a5d,1,1,0,f
552,adab5a5e,1,1,0,f
553,adab5a5f,1,1,0,f
554,adab5a58,1,1,0,f
555,adab5a59,1,1,0,f
556,adab5a5a,1,1,0,f
557,adab5a5b,1,1,0,f
558,adab5a54,1,1,0,f
559,adab5a55,1,1,0,f
560,adab5a55,1,1,0,f
561,adab5a56,1,1,0,f
562,adab5a57,1,1,0,f
563,adab5a50,1,1,0,f
564,adab5a51,1,1,0,f
565,adab5a52,1,1,0,f
566,adab5a53,1,1,0,f
567,aaaaaaaa,1,1,1,f
568,aaaaaaaa,1,0,1,f
569,aaaaaaaa,0,0,1,f
570,aaaaaaaa,0,0,1,f
571,aaaaaaaa,0,0,1,f
572,aaaaaaaa,1,0,1,f
573,aaaaaaaa,1,0,1,f
574,aaaaaaaa,1,0,1,f
575,aaaaaaaa,1,0,1,f
576,aaaaaaaa,1,0,1,f
577,aaaaaaaa,1,0,1,f
578,aaaaaaaa,1,0,1,f
579,aaaaaaaa,1,0,1,f
580,aaaaaaaa,1,0,1,f
581,aaaaaaaa,1,0,1,f
582,aaaaaaaa,1,0,1,f
583,aaaaaaaa,1,0,1,f
584,aaaaaaaa,1,0,1,f
585,aaaaaaaa,1,0,1,f
586,aaaaaaaa,1,0,1,f
587,aaaaaaaa,1,0,1,f
588,aaaaaaaa,1,0,1,f
589,aaaaaaaa,1,0,1,f
590,aaaaaaaa,1,0,1,f
591,aaaaaaaa,1,0,1,f
592,aaaaaaaa,1,0,1,f
593,aaaaaaaa,1,0,1,f
594,aaaaaaaa,1,0,1,f
595,aaaaaaaa,1,0,1,f
596,aaaaaaaa,1,0,1,f
597,aaaaaaaa,1,0,1,f
598,aaaaaaaa,1,0,1,f
599,aaaaaaaa,1,0,1,f
600,adab5aac,1,1,0,f
601,adab5aad,0,1,0,f
602,adab5aad,0,1,0,f
603,adab5aad,1,1,0,f
604,adab5aae,1,1,0,f
605,adab5aaf,1,1,0,f
606,adab5aa8,1,1,0,f
607,adab5aa9,1,1,0,f
608,adab5aaa,1,1,0,f
609,adab5aab,1,1,0,f
610,adab5aa4,1,1,0,f
611,adab5aa5,1,1,0,f
612,adab5aa6,1,1,0,f
613,adab5aa7,1,1,0,f
614,adab5aa0,1,1,0,f
615,adab5aa1,1,1,0,f
616,adab5aa2,1,1,0,f
617,adab5aa3,1,1,0,f
618,adab5abc,1,1,0,f
619,adab5abd,1,1,0,f
620,adab5abe,1,1,0,f
621,adab5abf,1,1,0,f
622,adab5ab8,1,1,0,f
623,adab5ab9,1,1,0,f
624,adab5aba,1,1,0,f
625,adab5abb,1,1,0,f
626,adab5ab4,1,1,0,f
627,adab5ab5,1,1,0,f
628,adab5ab6,1,1,0,f
629,adab5ab7,1,1,0,f
630,adab5ab0,1,1,0,f
631,adab5ab1,1,1,0,f
632,adab5ab2,1,1,0,f
633,adab5ab3,1,1,0,f
634,adab5a8c,1,1,0,f
635,adab5a8d,1,1,0,f
636,adab5a8e,1,1,0,f
637,adab5a8f,1,1,0,f
638,adab5a88,1,1,0,f
639,adab5a89,1,1,0,f
640,adab5a8a,1,1,0,f
641,adab5a8b,1,1,0,f
642,adab5a84,1,1,0,f
643,adab5a85,1,1,0,f
644,adab5a86,1,1,0,f
645,adab5a87,1,1,0,f
646,adab5a80,1,1,0,f
647,adab5a81,1,1,0,f
648,adab5a82,1,1,0,f
649,adab5a83,1,1,0,f
650,adab5a9c,1,1,0,f
651,adab5a9d,1,1,0,f
652,adab5a9e,1,1,0,f
653,adab5a9f,1,1,0,f
654,adab5a98,1,1,0,f
655,adab5a99,1,1,0,f
656,adab5a9a,1,1,0,f
657,adab5a9b,1,1,0,f
658,adab5a94,1,1,0,f
659,adab5a95,1,1,0,f
660,adab5a96,1,1,0,f
661,adab5a97,1,1,0,f
662,adab5a90,1,1,0,f
663,adab5a91,1,1,0,f
664,adab5a92,1,1,0,f
665,adab5a93,1,1,0,f
666,adab5aec,1,1,0,f
667,adab5aed,1,1,0,f
668,adab5aee,1,1,0,f
669,adab5aef,1,1,0,f
670,adab5ae8,1,1,0,f
671,adab5ae9,1,1,0,f
672,adab5aea,1,1,0,f
673,adab5aeb,1,1,0,f
674,adab5ae4,1,1,0,f
675,adab5ae5,1,1,0,f
676,adab5ae6,1,1,0,f
677,adab5ae7,1,1,0,f
678,adab5ae0,1,1,0,f
679,adab5ae1,1,1,0,f
680,adab5ae2,1,1,0,f
681,adab5ae3,1,1,0,f
682,adab5afc,1,1,0,f
683,adab5afd,1,1,0,f
684,adab5afe,1,1,0,f
685,adab5aff,1,1,0,f
686,adab5af8,1,1,0,f
687,adab5af9,1,1,0,f
688,adab5afa,1,1,0,f
689,adab5afb,1,1,0,f
690,adab5af4,1,1,0,f
691,adab5af5,1,1,0,f
692,adab5af6,1,1,0,f
693,adab5af7,1,1,0,f
694,adab5af0,1,1,0,f
695,adab5af1,1,1,0,f
696,adab5af2,1,1,0,f
697,adab5af3,1,1,0,f
698,adab5acc,1,1,0,f
699,adab5acd,1,1,0,f
700,adab5ace,1,1,0,f
701,adab5acf,1,1,0,f
702,adab5ac8,1,1,0,f
703,adab5ac9,1,1,0,f
704,adab5aca,1,1,0,f
705,adab5acb,1,1,0,f
706,adab5ac4,1,1,0,f
707,adab5ac5,1,1,0,f
708,adab5ac6,1,1,0,f
709,adab5ac7,1,1,0,f
710,adab5ac0,1,1,0,f
711,adab5ac1,1,1,0,f
712,adab5ac2,1,1,0,f
713,adab5ac3,1,1,0,f
714,adab5adc,1,1,0,f
715,adab5add,1,1,0,f
716,adab5ade,1,1,0,f
717,adab5adf,1,1,0,f
718,adab5ad8,1,1,0,f
719,adab5ad9,1,1,0,f
720,adab5ada,1,1,0,f
721,adab5adb,1,1,0,f
722,adab5ad4,1,1,0,f
723,adab5ad5,1,1,0,f
724,adab5ad6,1,1,0,f
725,adab5ad7,1,1,0,f
726,adab5ad0,1,1,0,f
727,adab5ad1,1,1,0,f
728,adab5ad2,1,1,0,f
729,adab5ad3,1,1,0,f
730,adab5a2c,1,1,0,f
731,adab5a2d,1,1,0,f
732,adab5a2e,1,1,0,f
733,adab5a2f,1,1,0,f
734,adab5a28,1,1,0,f
735,adab5a29,1,1,0,f
736,adab5a2a,1,1,0,f
737,adab5a2b,1,1,0,f
738,adab5a24,1,1,0,f
739,adab5a25,1,1,0,f
740,adab5a26,1,1,0,f
741,adab5a27,1,1,0,f
742,adab5a20,1,1,0,f
743,adab5a21,1,1,0,f
744,adab5a22,1,1,0,f
745,adab5a23,1,1,0,f
746,adab5a3c,1,1,0,f
747,adab5a3d,1,1,0,f
748,adab5a3e,1,1,0,f
749,adab5a3f,1,1,0,f
750,adab5a38,1,1,0,f
751,adab5a39,1,1,0,f
752,adab5a3a,1,1,0,f
753,adab5a3b,1,1,0,f
754,adab5a34,1,1,0,f
755,adab5a35,1,1,0,f
756,adab5a36,1,1,0,f
757,adab5a37,1,1,0,f
758,adab5a30,1,1,0,f
759,adab5a31,1,1,0,f
760,adab5a32,1,1,0,f
761,adab5a33,1,1,0,f
762,adab5a0c,1,1,0,f
763,adab5a0d,1,1,0,f
764,adab5a0e,1,1,0,f
765,adab5a0f,1,1,0,f
766,adab5a08,1,1,0,f
767,adab5a09,1,1,0,f
768,adab5a0a,1,1,0,f
769,adab5a0b,1,1,0,f
770,adab5a04,1,1,0,f
771,adab5a05,1,1,0,f
772,adab5a06,1,1,0,f
773,adab5a07,1,1,0,f
774,adab5a00,1,1,0,f
775,adab5a01,1,1,0,f
776,adab5a02,1,1,0,f
777,adab5a03,1,1,0,f
778,adab5a1c,1,1,0,f
779,adab5a1d,1,1,0,f
780,adab5a1e,1,1,0,f
781,adab5a1f,1,1,0,f
782,adab5a18,1,1,0,f
783,adab5a19,1,1,0,f
784,adab5a1a,1,1,0,f
785,adab5a1b,1,1,0,f
786,adab5a14,1,1,0,f
787,adab5a15,1,1,0,f
788,adab5a16,1,1,0,f
789,adab5a17,1,1,0,f
790,adab5a10,1,1,0,f
791,adab5a11,1,1,0,f
792,adab5a12,1,1,0,f
793,adab5a13,1,1,0,f
794,adab5a6c,1,1,0,f
795,adab5a6d,1,1,0,f
796,adab5a6e,1,1,0,f
797,adab5a6f,1,1,0,f
798,adab5a68,1,1,0,f
799,adab5a69,1,1,0,f
800,adab5a6a,1,1,0,f
801,adab5a6b,1,1,0,f
802,adab5a64,1,1,0,f
803,adab5a65,1,1,0,f
804,adab5a66,1,1,0,f
805,adab5a67,1,1,0,f
806,adab5a60,1,1,0,f
807,adab5a61,1,1,0,f
808,adab5a62,1,1,0,f
809,adab5a63,1,1,0,f
810,adab5a7c,1,1,0,f
811,adab5a7d,1,1,0,f
812,adab5a7e,1,1,0,f
813,adab5a7f,1,1,0,f
814,adab5a78,1,1,0,f
815,adab5a79,1,1,0,f
816,adab5a7a,1,1,0,f
817,adab5a7b,1,1,0,f
818,adab5a74,1,1,0,f
819,adab5a75,1,1,0,f
820,adab5a76,1,1,0,f
821,adab5a77,1,1,0,f
822,adab5a70,1,1,0,f
823,adab5a71,1,1,0,f
824,adab5a72,1,1,0,f
825,adab5a73,1,1,0,f
826,adab5a4c,1,1,0,f
827,adab5a4d,1,1,0,f
828,adab5a4e,1,1,0,f
829,adab5a4f,1,1,0,f
830,adab5a48,1,1,0,f
831,adab5a49,1,1,0,f
832,adab5a4a,1,1,0,f
833,adab5a4b,1,1,0,f
834,adab5a44,1,1,0,f
835,adab5a45,1,1,0,f
836,adab5a46,1,1,0,f
837,adab5a47,1,1,0,f
838,adab5a40,1,1,0,f
839,adab5a41,1,1,0,f
840,adab5a42,1,1,0,f
841,adab5a43,1,1,0,f
842,adab5a5c,1,1,0,f
843,adab5a5d,1,1,0,f
844,adab5a5e,1,1,0,f
845,adab5a5f,1,1,0,f
846,adab5a58,1,1,0,f
847,adab5a59,1,1,0,f
848,adab5a5a,1,1,0,f
849,adab5a5b,1,1,0,f
850,adab5a54,1,1,0,f
851,adab5a55,1,1,0,f
852,adab5a56,1,1,0,f
853,adab5a57,1,1,0,f
854,adab5a50,1,1,0,f
855,adab5a51,1,1,0,f
856,adab5a52,1,1,0,f
857,adab5a53,1,1,0,f
858,aaaaaaaa,1,1,1,f
859,aaaaaaaa,1,0,1,f
860,aaaaaaaa,0,0,1,f
861,aaaaaaaa,0,0,1,f
862,aaaaaaaa,0,0,1,f
863,aaaaaaaa,0,0,1,f
864,aaaaaaaa,1,0,1,f
865,aaaaaaaa,1,0,1,f
866,aaaaaaaa,1,0,1,f
867,aaaaaaaa,1,0,1,f
868,aaaaaaaa,1,0,1,f
869,aaaaaaaa,1,0,1,f
870,aaaaaaaa,1,0,1,f
871,aaaaaaaa,1,0,1,f
872,aaaaaaaa,1,0,1,f
873,aaaaaaaa,1,0,1,f
874,aaaaaaaa,1,0,1,f
875,aaaaaaaa,1,0,1,f
876,aaaaaaaa,1,0,1,f
877,aaaaaaaa,1,0,1,f
878,aaaaaaaa,1,0,1,f
879,aaaaaaaa,1,0,1,f
880,aaaaaaaa,1,0,1,f
881,aaaaaaaa,1,0,1,f
882,aaaaaaaa,1,0,1,f
883,aaaaaaaa,1,0,1,f
884,aaaaaaaa,1,0,1,f
885,aaaaaaaa,1,0,1,f
886,aaaaaaaa,1,0,1,f
887,aaaaaaaa,1,0,1,f
888,aaaaaaaa,1,0,1,f
889,aaaaaaaa,1,0,1,f
890,aaaaaaaa,1,0,1,f
891,aaaaaaaa,1,0,1,f
892,adab5aac,1,1,0,f
893,adab5aad,0,1,0,f
894,adab5aad,0,1,0,f
895,adab5aad,1,1,0,f
896,adab5aae,1,1,0,f
897,adab5aaf,1,1,0,f
898,adab5aa8,1,1,0,f
899,adab5aa9,1,1,0,f
900,adab5aaa,1,1,0,f
901,adab5aab,1,1,0,f
902,adab5aa4,1,1,0,f
903,adab5aa5,1,1,0,f
904,adab5aa6,1,1,0,f
905,adab5aa7,1,1,0,f
906,adab5aa0,1,1,0,f
907,adab5aa1,1,1,0,f
908,adab5aa2,1,1,0,f
909,adab5aa3,1,1,0,f
910,adab5abc,1,1,0,f
911,adab5abd,1,1,0,f
912,adab5abe,1,1,0,f
913,adab5abf,1,1,0,f
914,adab5ab8,1,1,0,f
915,adab5ab9,1,1,0,f
916,adab5aba,1,1,0,f
917,adab5abb,1,1,0,f
918,adab5ab4,1,1,0,f
919,adab5ab5,1,1,0,f
920,adab5ab6,1,1,0,f
921,adab5ab7,1,1,0,f
922,adab5ab0,1,1,0,f
923,adab5ab1,1,1,0,f
924,adab5ab2,1,1,0,f
925,adab5ab3,1,1,0,f
926,adab5a8c,1,1,0,f
927,adab5a8d,1,1,0,f
928,adab5a8e,1,1,0,f
929,adab5a8f,1,1,0,f
930,adab5a88,1,1,0,f
931,adab5a89,1,1,0,f
932,adab5a8a,1,1,0,f
933,adab5a8b,1,1,0,f
934,adab5a84,1,1,0,f
935,adab5a85,1,1,0,f
936,adab5a86,1,1,0,f
937,adab5a87,1,1,0,f
938,adab5a80,1,1,0,f
939,adab5a81,1,1,0,f
940,adab5a82,1,1,0,f
941,adab5a83,1,1,0,f
942,adab5a9c,1,1,0,f
943,adab5a9d,1,1,0,f
944,adab5a9e,1,1,0,f
945,adab5a9f,1,1,0,f
946,adab5a98,1,1,0,f
947,adab5a99,1,1,0,f
948,adab5a9a,1,1,0,f
949,adab5a9b,1,1,0,f
950,adab5a94,1,1,0,f
951,adab5a95,1,1,0,f
952,adab5a96,1,1,0,f
953,adab5a97,1,1,0,f
954,adab5a90,1,1,0,f
955,adab5a91,1,1,0,f
956,adab5a92,1,1,0,f
957,adab5a93,1,1,0,f
958,adab5aec,1,1,0,f
959,adab5aed,1,1,0,f
960,adab5aee,1,1,0,f
961,adab5aef,1,1,0,f
962,adab5ae8,1,1,0,f
963,adab5ae9,1,1,0,f
964,adab5aea,1,1,0,f
965,adab5aeb,1,1,0,f
966,adab5ae4,1,1,0,f
967,adab5ae5,1,1,0,f
968,adab5ae6,1,1,0,f
969,adab5ae7,1,1,0,f
970,adab5ae0,1,1,0,f
971,adab5ae1,1,1,0,f
972,adab5ae2,1,1,0,f
973,adab5ae3,1,1,0,f
974,adab5afc,1,1,0,f
975,adab5afd,1,1,0,f
976,adab5afe,1,1,0,f
977,adab5aff,1,1,0,f
978,adab5af8,1,1,0,f
979,adab5af9,1,1,0,f
980,adab5afa,1,1,0,f
981,adab5afb,1,1,0,f
982,adab5af4,1,1,0,f
983,adab5af5,1,1,0,f
984,adab5af6,1,1,0,f
985,adab5af7,1,1,0,f
986,adab5af0,1,1,0,f
987,adab5af1,1,1,0,f
988,adab5af2,1,1,0,f
989,adab5af3,1,1,0,f
990,adab5acc,1,1,0,f
991,adab5acd,1,1,0,f
992,adab5ace,1,1,0,f
993,adab5acf,1,1,0,f
994,adab5ac8,1,1,0,f
995,adab5ac9,1,1,0,f
996,adab5aca,1,1,0,f
997,adab5acb,1,1,0,f
998,adab5ac4,1,1,0,f
999,adab5ac5,1,1,0,f
1000,adab5ac6,1,1,0,f
1001,adab5ac7,1,1,0,f
1002,adab5ac0,1,1,0,f
1003,adab5ac1,1,1,0,f
1004,adab5ac2,1,1,0,f
1005,adab5ac3,1,1,0,f
1006,adab5adc,1,1,0,f
1007,adab5add,1,1,0,f
1008,adab5ade,1,1,0,f
1009,adab5adf,1,1,0,f
1010,adab5ad8,1,1,0,f
1011,adab5ad9,1,1,0,f
1012,adab5ada,1,1,0,f
1013,adab5adb,1,1,0,f
1014,adab5ad4,1,1,0,f
1015,adab5ad5,1,1,0,f
1016,adab5ad6,1,1,0,f
1017,adab5ad7,1,1,0,f
1018,adab5ad0,1,1,0,f
1019,adab5ad1,1,1,0,f
1020,adab5ad2,1,1,0,f
1021,adab5ad3,1,1,0,f
1022,adab5a2c,1,1,0,f
1023,adab5a2d,1,1,0,f
